{"cameraMode":{"drawMode":0,"name":"Shaded","section":"Shading Mode"},"sceneLighting":true,"audioPlay":false,"sceneViewState":{"showFog":true,"showMaterialUpdate":false,"showSkybox":true,"showFlares":true,"showImageEffects":true,"showParticleSystems":true},"in2DMode":false,"pivot":{"x":-43.22029113769531,"y":263.54205322265627,"z":-156.06442260742188},"rotation":{"x":-0.19731976091861726,"y":-0.16701482236385346,"z":0.03414379805326462,"w":-0.9654295444488525},"size":366.78314208984377,"orthographic":false}